location,sclaer,selection,reduction,classification,roc_auc,accuracy,best_roc_auc,best_accuracy,roc_auc std,accuracy std,
,minMax,f classif,,lda,0.8647996052630533,0.8462962143015276,0.8863042219327882,0.8614124418862077,0.016463334164035903,0.010570273981631588,
,minMax,f classif,,Nearest centroid,0.7716006198804516,0.794553907460704,0.018626026160717516,,,,
,minMax,f classif,,Random forest,0.8616138743044438,0.847527169838963,0.8738267533763342,0.8513549415515409,0.012587581859352668,0.0038936092370346594,
,minMax,f classif,,Decision Tree,0.8438160261412794,0.8433739207438565,0.8586348181833171,0.8594642461810936,0.011649823507394947,0.010499073375891888,
,minMax,f classif,,GaussianNB,0.8232243171233662,0.8124684525127297,0.8578416896234902,0.8370157183971663,0.025587214349133656,0.019771324938620497,
,minMax,f classif,,Kneighbors,0.7773002341275946,0.8221917201682534,0.7852506135453041,0.8335620987381005,0.007241075002957138,0.009879800543754196,
,minMax,chi squared,,lda,0.8599658615770049,0.843205667478415,0.8858112955422146,0.8618109364622537,0.017860183604775204,0.01190657284711228,
,minMax,chi squared,,Nearest centroid,0.7718485720611025,0.7949524020367501,0.018961022891453155,,,,
,minMax,chi squared,,Random forest,0.8621927465412254,0.8461457168766783,0.8761651717234263,0.8492295430393199,0.013934145817267261,0.0038625185899781008,
,minMax,chi squared,,Decision Tree,0.8435339770397714,0.8427628957272526,0.8606632094454231,0.8584015939783042,0.012900555581928402,0.009739907764120936,
,minMax,chi squared,,GaussianNB,0.8237372311186402,0.8137259242860306,0.8589244443507009,0.836572946646004,0.025665193859483983,0.018889205442594006,"kfold 5, k=3"
,minMax,chi squared,,Kneighbors,0.7771703887878674,0.8173655080805846,0.7789293676495743,0.8250166039406686,0.007600767688094689,0.007169424947708135,
,minMax,kruskal,,lda,0.86132407626862,0.8453309718839938,0.8827383376882443,0.8606154527341155,0.016408937561883198,0.010348719162232052,
,minMax,kruskal,,Nearest centroid,0.7380827983174674,0.8089882665485942,0.0514634930156225,,,,
,minMax,kruskal,,Random forest,0.8562986422084764,0.8444454925645088,0.8702252114404526,0.8499380092100602,0.012407539354761216,0.0046811277771498785,
,minMax,kruskal,,Decision Tree,0.8413939813368285,0.8390170467124198,0.8581166895322253,0.8560991808722603,0.013738068499031567,0.009496784204620532,
,minMax,kruskal,,GaussianNB,0.8331005709979988,0.8200044277175117,0.8704054787817486,0.8532211644897055,0.02708868447210366,0.02654116440118402,
,minMax,kruskal,,Kneighbors,0.7713573891641866,0.8174363515607703,0.7837020136731419,0.8324551693601948,0.01020491662996211,0.011283902344601292,
,minMax,pearson correlation,,lda,0.8500219159766622,0.8407350011069294,0.8755263037275509,0.8579588222271419,0.017995035604280733,0.011999294178002782,
,minMax,pearson correlation,,Nearest centroid,0.7674297099845031,0.7913659508523356,0.019541069978074317,,,,
,minMax,pearson correlation,,Random forest,0.8366304336931135,0.8373168708942051,0.8540971031964747,0.8432075805880269,0.014460196122117889,0.005886966152798129,
,minMax,pearson correlation,,Decision Tree,0.8410956552360342,0.8406553021917201,0.8580572599176592,0.8551693601948196,0.013746360122660607,0.010107011794139207,
,minMax,pearson correlation,,GaussianNB,0.825891006152099,0.8155589993358424,0.8557112784178005,0.8359530661943768,0.023868906323026844,0.016548403318058333,
,minMax,pearson correlation,,Kneighbors,0.763041931513922,0.8140004427717512,0.767720457981801,0.8268762452955501,0.007237644915629475,0.009078846623524862,
,Standard,f classif,,lda,0.8647996052630533,0.8462962143015276,0.8863042219327882,0.8614124418862077,0.016463334164035903,0.010570273981631588,
,Standard,f classif,,Nearest centroid,0.7760194819570512,0.8170024352446313,0.034714091427983054,,,,
,Standard,f classif,,Random forest,0.861295749773278,0.8485455303601261,0.8756073527261836,0.8517534537725824,0.01337021665256902,0.004108679297293387,
,Standard,f classif,,Decision Tree,0.8438180613137842,0.8433650653088334,0.8586348181833171,0.8594642461810936,0.011647862545391855,0.010502209933395004,
,Standard,f classif,,GaussianNB,0.8232242010816424,0.8124684525127297,0.8578418745394847,0.8370157183971663,0.02558779788045157,0.019771324938620497,
,Standard,f classif,,Kneighbors,0.7765847767947875,0.8204383440336507,0.7892188988536474,0.8343590878901926,0.009278174380007605,0.01091263417704269,
,Standard,kruskal,,lda,0.8326687850504648,0.8268762452955501,0.8619736673420436,0.8444100066415763,0.0273829315746637,0.013570271579603407,
,Standard,kruskal,,Nearest centroid,0.7313703785698472,0.761655966349347,0.03395782804290965,,,,
,Standard,kruskal,,Random forest,0.8273786879541156,0.8281160680118603,0.8390231431927488,0.8278427205100957,0.01888514447208283,0.006655770250774733,
,Standard,kruskal,,Decision Tree,0.779685071021422,0.8045428381669251,0.800628919577839,0.8235111799867169,0.028466267799144122,0.011366653711353859,
,Standard,kruskal,,GaussianNB,0.7711802841501568,0.7916404693380563,0.8120603249420206,0.8135488155855657,0.03390408972475349,0.01679459341986544,
,Standard,kruskal,,Kneighbors,0.7226060236091207,0.7914102280274518,0.7407630523909006,0.8062873588665043,0.017528551139863728,0.013839092981962384,
,Standard,pearson correlation,,lda,0.8500219159766622,0.8407350011069294,0.8755263037275509,0.8579588222271419,0.017995035604280733,0.011999294178002782,
,Standard,pearson correlation,,Nearest centroid,0.7833252158512287,0.8137259242860305,0.024848035083948995,,,,
,Standard,pearson correlation,,Random forest,0.836516283963719,0.837423136114866,0.8535572928468618,0.8436946510804109,0.01445082255065619,0.005455993439114505,
,Standard,pearson correlation,,Decision Tree,0.8411002711259654,0.8406553021917201,0.8580572599176592,0.8551693601948196,0.013744062020999257,0.010107011794139207,
,Standard,pearson correlation,,GaussianNB,0.8258909872132556,0.8155589993358424,0.8557116780749495,0.8359530661943768,0.02386960179494811,0.016548403318058333,
,Standard,pearson correlation,,Kneighbors,0.7630089118562748,0.8130086340491477,0.7715104783065742,0.8281160061988045,0.006838642806097277,0.009509244701450899,
,minMax,,pca,lda,0.8397737193096232,0.8329776400265663,0.8723559488298551,0.8553464688952844,0.022506174797056973,0.014885388348994609,
,minMax,,pca,Nearest centroid,0.7711224263891963,0.7941111357095417,0.018877419779836434,,,,
,minMax,,pca,Random forest,0.8444430900853916,0.8348285446228683,0.8656494118999847,0.8435618136733971,0.017334494468260162,0.007074478994157434,
,minMax,,pca,Decision Tree,0.8251419455713348,0.8339340270090767,0.8543384382157366,0.853486827540403,0.02088399770131462,0.0133653306245384,
,minMax,,pca,GaussianNB,0.82830507950129,0.8235997343369494,0.858856102978214,0.8450298870932035,0.02418216333053447,0.017537808438904394,
,minMax,,pca,Kneighbors,0.758629488989085,0.8093159176444542,0.772452398626487,0.8261678104936905,0.011960481879550282,0.012124012279124645,
,minMax,,lda,lda,0.8665058082308386,0.8472171795439453,0.8876916168131157,0.8618552136373699,0.016825648654867784,0.010691470034401959,
,minMax,,lda,Nearest centroid,0.8097321230905468,0.8309497454062431,0.021245689082299193,,,,
,minMax,,lda,Random forest,0.7855142742557403,0.7778350537731197,0.8009655954905529,0.7906925256818987,0.011822786942457966,0.010870749048269825,
,minMax,,lda,Decision Tree,0.8646664239462772,0.8458711534204119,0.8856809238011771,0.8615009962364402,0.016860550330670118,0.010390938929269015,
,minMax,,lda,GaussianNB,0.8665057104302287,0.8475094088997122,0.8876916168131157,0.8622094310382997,0.01682555440441005,0.010470367691017174,
,minMax,,lda,Kneighbors,0.7701468850968075,0.8155855656409121,0.7857275417198519,0.8317467345583351,0.010085013940912237,0.011055896253571812,
,Standard,,pca,lda,0.8358692535753034,0.8303564312596856,0.8701341294726437,0.8501217622315697,0.0247156942905217,0.014451261442784833,
,Standard,,pca,Nearest centroid,0.7713615231348239,0.8145671906132389,0.034889822875054294,,,,
,Standard,,pca,Random forest,0.8419458792698759,0.8343768652872032,0.865376326220649,0.839311016648955,0.019212755941514146,0.006715308894386705,
,Standard,,pca,Decision Tree,0.8209214688921552,0.8207128625193713,0.8529724578005596,0.8430374142129732,0.02481160074140404,0.012968886629698143,
,Standard,,pca,GaussianNB,0.809779435006727,0.8059419969005978,0.845819197300904,0.8309497454062431,0.03072931671477645,0.02051973408762457,
,Standard,,pca,Kneighbors,0.7526412390689152,0.8045959707770646,0.7645955745236153,0.8187735222492805,0.01367831787681077,0.010915105898149693,
,Standard,,lda,lda,0.8665058082308386,0.8472171795439453,0.8876916168131157,0.8618552136373699,0.016825648654867784,0.010691470034401959,
,Standard,,lda,Nearest centroid,0.8097321230905468,0.8309497454062431,0.021245689082299193,,,,
,Standard,,lda,Random forest,0.785382961970676,0.7779058941164869,0.8014531989525925,0.790426850867871,0.012295801387484212,0.010861079416239757,
,Standard,,lda,Decision Tree,0.8646664239462772,0.8458711534204119,0.8856809238011771,0.8615009962364402,0.016860550330670118,0.010390938929269015,
,Standard,,lda,GaussianNB,0.8665057104302287,0.8475094088997122,0.8876916168131157,0.8622094310382997,0.01682555440441005,0.010470367691017174,
,Standard,,lda,Kneighbors,0.7701468850968075,0.8155855656409121,0.7857275417198519,0.8317467345583351,0.010085013940912237,0.011055896253571812,
,standart,,pca,svc,0.8051768238799234,0.8372725260128403,0.8159090411824144,0.8493690502545937,0.012672297110788796,0.008553561824061386,
,standart,,lda,svc,0.7653606339409669,0.8472348904139917,0.7868240697061242,0.8614567190613239,0.011921526537729177,0.009789938744575568,
,minMax,,pca,svc,0.8295942442397178,0.8310825769315917,0.8359185384678833,0.8434801859641355,0.01312793895283978,0.008608967730881682,
,minMax,,lda,svc,0.7638047658198344,0.8472348904139917,0.7834724255535962,0.8614567190613239,0.011049232507684355,0.009789137698319073,
,minMax,f classif,,svc,0.8592266961567292,0.845738321895063,0.8665302718339084,0.8577374363515607,0.01159742029562601,0.007497264627571365,
,minMax,chi squared,,svc,0.8522999995425108,0.8429842816028337,0.8570720692550723,0.8557892406464468,0.011475190343312071,0.008252932881074294,
,minMax,kruskal,,svc,0.8595723541675209,0.8456232012397609,0.8699960509101649,0.8569404471994687,0.013572054180157384,0.006725969607277867,
,minMax,pearson correlation,,svc,0.8355033849099522,0.8411334956829755,0.8397164982503488,0.8538410449413327,0.012228308161609972,0.008326087028683123,
,Standard,f classif,,svc,0.8241999001913193,0.8493247730794776,0.8238642704194321,0.8603497896834182,0.0013685797984133686,0.007038706194500841,
,Standard,kruskal,,svc,0.8032649210637188,0.8304184193048483,0.8071147705336863,0.8452955501439008,0.014083715919446498,0.010837511339561302,
,minMax,f classif,,lda,0.8640336491828045,0.8465000693692082,0.9013983084737918,0.8752213956783563,0.02443973759359461,0.022341467455304135,
,minMax,f classif,,Nearest centroid,0.7718135505933648,0.8183669854764435,0.025401724019396433,,,,
,minMax,f classif,,Random forest,0.864451871282457,0.8478727552891918,0.8971961613534336,0.8586484810911346,0.01984893189282593,0.009629653827554499,
,minMax,f classif,,Decision Tree,0.8444885097225084,0.8422227950449024,0.8801741433805623,0.8739815798795607,0.022343310255685145,0.022023522545771175,
,minMax,f classif,,GaussianNB,0.822114325509917,0.8131684894786689,0.8604126217670375,0.8451115834218916,0.02714715300107852,0.02280535310353375,
,minMax,f classif,,Kneighbors,0.7789406478874882,0.8232101920885603,0.8063637963844236,0.8481225646475381,0.01678070281783691,0.023056469740730345,
,minMax,chi squared,,lda,0.8598851621086852,0.8428251496958655,0.8978879217201244,0.872387530995395,0.02705912837451634,0.02408574018200727,
,minMax,chi squared,,Nearest centroid,0.7721943597861979,0.8186326602904711,0.02559600266640306,,,,
,minMax,chi squared,,Random forest,0.8652359074100172,0.846464636421925,0.8975898605290535,0.8543087414755115,0.020088614584930605,0.008815546878445492,
,minMax,chi squared,,Decision Tree,0.8441236224760583,0.8411424241280756,0.8803487086647719,0.869465108041091,0.02292774423445945,0.020920451546405875,
,minMax,chi squared,,GaussianNB,0.8226906381938758,0.8141690881586181,0.8610954855408691,0.8443145589798087,0.02737518771202752,0.022405814795495662,
,minMax,chi squared,,Kneighbors,0.778467878759437,0.8189329044330703,0.7946819681296318,0.8348388239461566,0.014852439789920577,0.021233488677335523,
,minMax,kruskal,,lda,0.8604413923726847,0.8452425772045723,0.8996836093666214,0.8722989727240524,0.026312136256793784,0.02377336148770843,
,minMax,kruskal,,Nearest centroid,0.7392972118157954,0.8224406659582005,0.055663466007230024,,,,
,minMax,kruskal,,Random forest,0.8591216058746722,0.8445962403996197,0.8910106037221059,0.8563457621114162,0.021602074739742676,0.01008950319367201,
,minMax,kruskal,,Decision Tree,0.8434481822316698,0.8402480004870745,0.8776289142230134,0.8738930216082182,0.022713160756416505,0.02253651167492013,"kfold 10, k=3"
,minMax,kruskal,,GaussianNB,0.8324451153420652,0.8201025974196663,0.8627751496843646,0.8503365214311016,0.028093718562670067,0.03005557384491897,
,minMax,kruskal,,Kneighbors,0.7739175581709282,0.8181625941154145,0.80795743670637,0.8435175345377258,0.020105048606998337,0.025463901925671873,
,minMax,pearson correlation,,lda,0.849845397498898,0.8406821093220455,0.8910943189454825,0.8713248317392844,0.024108772071843327,0.022519338674196455,
,minMax,pearson correlation,,Nearest centroid,0.767394705368129,0.8156216790648246,0.025896147568181895,,,,
,minMax,pearson correlation,,Random forest,0.8385556679019027,0.8379546939082809,0.8815910495869911,0.8499690018598884,0.02114087171554884,0.009366685164515678,
,minMax,pearson correlation,,Decision Tree,0.8404953196635742,0.8413283039637939,0.8766721310962758,0.8684024087849805,0.02095604750203556,0.020172853952367245,
,minMax,pearson correlation,,GaussianNB,0.8244961922521241,0.8159666822657204,0.8649627147952015,0.8498051718030464,0.026539132303432283,0.023491833506098903,
,minMax,pearson correlation,,Kneighbors,0.7643653046316203,0.8155235889968987,0.7955539465031476,0.8467941905773999,0.01629322690206848,0.024072101444568207,
,standard,f classif,,lda,0.8640336491828045,0.8465000693692082,0.9013983084737918,0.8752213956783563,0.02443973759359461,0.022341467455304135,
,standard,f classif,,Nearest centroid,0.7767554581553111,0.8217321997874601,0.03758205011166314,,,,
,standard,f classif,,Random forest,0.8642602040546207,0.8474033125362294,0.8974420698159872,0.8543087414755115,0.019664409861203044,0.008080664120619344,
,standard,f classif,,Decision Tree,0.8444882668068994,0.8422139400019553,0.8801741433805623,0.8739815798795607,0.022343199015385454,0.02201720811683696,
,standard,f classif,,GaussianNB,0.8221139881070807,0.8131684894786689,0.8604122772477275,0.8451115834218916,0.027147408652369674,0.02280535310353375,
,standard,f classif,,Kneighbors,0.7792904073697432,0.8218465288059127,0.8105335665958742,0.8477683315621679,0.018036789442710845,0.023595894333561077,
,standard,kruskal,,lda,0.8313449719147007,0.826743633395074,0.8781905867041943,0.8568012752391073,0.03711822137181073,0.02787173336923955,
,standard,kruskal,,Nearest centroid,0.7330543438032062,0.7751505490612823,0.03873398347852047,,,,
,standard,kruskal,,Random forest,0.8322708061954296,0.8288956273812186,0.8838783940348777,0.8481091134531928,0.029942120246550373,0.015011723818569005,
,standard,kruskal,,Decision Tree,0.7851288126060819,0.8057030138733084,0.8299337139547335,0.8460857244066596,0.033932698032455,0.027202318577922883,
,standard,kruskal,,GaussianNB,0.7723389639441999,0.7906225495127233,0.8130881772792482,0.8261601133545873,0.035899296711234395,0.024397189380953366,
,standard,kruskal,,Kneighbors,0.7252084898565786,0.7926502155464255,0.7645836746503806,0.8211122918880623,0.024089500751693634,0.02852810444665504,
,standard,pearson correlation,,lda,0.849845397498898,0.8406821093220455,0.8910943189454825,0.8713248317392844,0.024108772071843327,0.022519338674196455,
,standard,pearson correlation,,Nearest centroid,0.7834321566163812,0.8250974140984768,0.031276784362417744,,,,
,standard,pearson correlation,,Random forest,0.8387614100470664,0.8376448034827535,0.8827805624052995,0.8531573819856523,0.021216312937846826,0.009729784939488657,
,standard,pearson correlation,,Decision Tree,0.8404966628143434,0.841319448920847,0.8766721310962758,0.8684024087849805,0.020955995659253726,0.02016607274780926,
,standard,pearson correlation,,GaussianNB,0.8244960475164855,0.8159666822657204,0.8649651264303713,0.8498051718030464,0.02653983856763849,0.023491833506098903,
,standard,pearson correlation,,Kneighbors,0.7644510970742087,0.814912592601933,0.7978911655019351,0.8467056323060573,0.01706589397016692,0.024021145416514157,
,minMax,,pca,lda,0.8398574769873303,0.8328008780011906,0.8823975915026061,0.8663655685441021,0.027780901334647622,0.024482161658946823,
,minMax,,pca,Nearest centroid,0.771246837255007,0.8179241941197308,0.025498467951942695,,,,
,minMax,,pca,Random forest,0.8457536179772147,0.8357409363052346,0.8794309125041679,0.8480205473385882,0.02254059784197085,0.01049071507478241,
,minMax,,pca,Decision Tree,0.8272936395091589,0.8340935605707365,0.8614799425893023,0.8654799858306765,0.024942693725761973,0.02327927288994791,
,minMax,,pca,GaussianNB,0.8289923061227646,0.8237861196276466,0.8696096177494651,0.8565356004250797,0.02746452839961348,0.022853671436040494,
,minMax,,pca,Kneighbors,0.7587748890248909,0.8096171326291897,0.7880064294723654,0.8395324123273114,0.018976338626981788,0.02422568826216947,
,minMax,,lda,lda,0.8655111418866728,0.8473501989749794,0.9001134634595135,0.8744243712362735,0.02418339645871106,0.021980482690749127,
,minMax,,lda,Nearest centroid,0.8095910356601644,0.8363443145589798,0.03792996882621759,,,,
,minMax,,lda,Random forest,0.7855879089109571,0.7777912586964169,0.8313434125780861,0.8045345850677531,0.02185865013875539,0.020751752569950915,
,minMax,,lda,Decision Tree,0.8636158902274638,0.8463141338561918,0.898911488590024,0.874512929507616,0.024325346666951273,0.02260527707004733,
,minMax,,lda,GaussianNB,0.865511132529494,0.8476335705437169,0.9001134634595135,0.8748671625929861,0.024183396183347063,0.021714488281755553,
,minMax,,lda,Kneighbors,0.7690180031039902,0.8157273733969603,0.8065583702900965,0.8474140984767977,0.020495311627787734,0.027390783209332126,
,standard,,pca,lda,0.8356770735718893,0.8304541465455969,0.8788706148190899,0.862291888062345,0.029548604865844007,0.022910667093811204,
,standard,,pca,Nearest centroid,0.772345586385304,0.8201381509032943,0.03838262224116719,,,,
,standard,,pca,Random forest,0.8438244145115705,0.8340051455573073,0.8815514977171816,0.8416437870870604,0.024929557413550407,0.010238843303064587,
,standard,,pca,Decision Tree,0.822120659271053,0.8212621477277748,0.8664509587097847,0.8557385759829969,0.029633047553474234,0.02623169974939091,
,standard,,pca,GaussianNB,0.8093774686024103,0.8059160281578446,0.8501445682529061,0.8409493446687921,0.03390010152831421,0.025715021585086352,
,standard,,pca,Kneighbors,0.7541831944434557,0.8058446780925266,0.7722457841039533,0.825628763726532,0.019409082967619076,0.022411510485233432,
,standard,,lda,lda,0.8655111418866728,0.8473501989749794,0.9001134634595135,0.8744243712362735,0.02418339645871106,0.021980482690749127,
,standard,,lda,Nearest centroid,0.8095910356601644,0.8363443145589798,0.03792996882621759,,,,
,standard,,lda,Random forest,0.7856508328865554,0.7778443866013979,0.8321927656696139,0.8044460189531485,0.02227169067690434,0.020585895207096583,
,standard,,lda,Decision Tree,0.8636158902274638,0.8463141338561918,0.898911488590024,0.874512929507616,0.024325346666951273,0.02260527707004733,
,standard,,lda,GaussianNB,0.865511132529494,0.8476335705437169,0.9001134634595135,0.8748671625929861,0.024183396183347063,0.021714488281755553,
,standard,,lda,Kneighbors,0.7690180031039902,0.8157273733969603,0.8065583702900965,0.8474140984767977,0.020495311627787734,0.027390783209332126,
,standard,,pca,svc,0.8054638040914346,0.8377861213214912,0.8320194338572484,0.8623804463336876,0.017180994688981883,0.020578399783897014,
,standard,,lda,svc,0.7663214545967044,0.8472438819981305,0.8108317613093896,0.8730959971661353,0.021492091115860333,0.021337697070777716,
,minMax,,pca,svc,0.8282476363690738,0.830940862585323,0.8392871482053698,0.8653028692879915,0.017004309614942696,0.021470531036388126,
,minMax,,lda,svc,0.7655007949199263,0.8472615936523992,0.8097450413998255,0.8730959971661353,0.022701471153487345,0.021319482869357215,
,minMax,f classif,,svc,0.8578153613484654,0.8459774148098915,0.878568497885738,0.8742472546935883,0.017888939128473478,0.01936903711700725,
,minMax,chi squared,,svc,0.8516878253014644,0.8432322338682401,0.8653266596939492,0.8734502302515055,0.01804179660648383,0.02020897662788965,
,minMax,kruskal,,svc,0.8587303010496699,0.845339799961349,0.8807722554041432,0.8730959971661353,0.02065126085470306,0.020505029349954882,
,minMax,pearson correlation,,svc,0.8338083384552222,0.8412840036550657,0.8434514326093463,0.87256464753808,0.014761759231676125,0.02011308212117093,
,standardScaler,f classif,,svc,0.8247012503972637,0.8494487375039362,0.855885134505904,0.8746900460503011,0.017945091067904845,0.018663191500953278,
,standardScaler,kruskal,,svc,0.8051397703704886,0.8310826648215054,0.8520276312967064,0.8618490967056323,0.02370138343046945,0.025217542216758503,
,standardScaler,pearson correlation,,svc,0.7935063289337414,0.8446490313295059,0.8282351277506753,0.8719447396386822,0.020417975899108827,0.019601877409568754,
,minMax,f classif,,Kneighbors,0.8058997744153602,0.8317290236882886,0.816119911031308,0.8455612131945982,0.009733055357398303,0.009767532787883027,
,minMax,chi squared,,Kneighbors,0.8053959773932805,0.8278857648882001,0.810497832510155,0.837148549922515,0.010200872280984978,0.009062290675082742,kNearestNeighbours
,minMax,kruskal,,Kneighbors,0.8009131277709625,0.8290015497011292,0.8138620927055222,0.8429045826876246,0.011139509532366249,0.010389240752025432,kfold5 kNN=5
,minMax,pearson correlation,,Kneighbors,0.7913778255824336,0.8256099180872261,0.8006176635623128,0.8397166260792561,0.009355861740868903,0.009637691787202578,
,standardScaler,f classif,,Kneighbors,0.8055750641218179,0.8319415541288466,0.8174670658052556,0.8471551914987824,0.010851964293261195,0.01073147931132579,kNearestNeighbours
,standardScaler,kruskal,,Kneighbors,0.7887698184400745,0.8203232233783485,0.8074677870969341,0.8317910117334514,0.015244027869552245,0.010125135721844957,kfold5 kNN=5
,standardScaler,pearson correlation,,Kneighbors,0.7921047654276718,0.8247775071950411,0.8014484851598234,0.8391852999778614,0.008930839356524257,0.009523632342510626,
,minMax,,pca,Kneighbors,0.7893464775828588,0.8200752711976975,0.8038930746049188,0.8348461368164711,0.013788118584407913,0.011216749976862204,kNearestNeighbours
,minMax,,lda,Kneighbors,0.800375453802214,0.8273367279167589,0.8178725209654771,0.8438344033650653,0.012626709550465872,0.011882449608623197,kfold5 kNN=5
,standardScaler,,pca,Kneighbors,0.7836513765329001,0.8160637591321673,0.7999257377366755,0.8303298649546159,0.017658166246421775,0.010457042726467592,kNearestNeighbours
,standardScaler,,lda,Kneighbors,0.800375453802214,0.8273367279167589,0.8178725209654771,0.8438344033650653,0.012626709550465872,0.011882449608623197,kfold5 kNN=5
,minMax,f classif,,Kneighbors,0.8072997322355734,0.8327740376226089,0.7971875353628725,0.8436199415567166,0.01933739751972103,0.021436016256905353,
,minMax,chi squared,,Kneighbors,0.8072496641364392,0.8296745914439081,0.8043715930379542,0.8398122730895244,0.016275332145033246,0.02092685816149335,kNearestNeighbours
,minMax,kruskal,,Kneighbors,0.8034400807940649,0.829825165599184,0.7891288643786711,0.8438855928451253,0.021295403330946424,0.024057079623488874,kfold10 kNN=5
,minMax,pearson correlation,,Kneighbors,0.7927067407341226,0.8267434734208656,0.7778213712304817,0.8400779243779333,0.01845759107480076,0.022901896031037452,
,standardScaler,f classif,,Kneighbors,0.8083662277121796,0.8328006678389954,0.8058963063830358,0.8464535552997432,0.01990412431679042,0.022253205137062592,
,standardScaler,kruskal,,Kneighbors,0.7896342378688913,0.8216604395921863,0.7803381852112061,0.8353847516160453,0.02335893971403365,0.024119200555086134,
,standardScaler,pearson correlation,,Kneighbors,0.793323174959956,0.8257516717540035,0.784678923733237,0.8402550252368723,0.019484939807579052,0.02368774885137691,
,minMax,,pca,Kneighbors,0.7899180754612051,0.8207572573632756,0.7823792817064499,0.8285663685468875,0.02042115514421416,0.023011547081206958,
,minMax,,lda,Kneighbors,0.7996302054803203,0.8275317533904103,0.7916806545016812,0.8431771894093686,0.02213109311044628,0.02504104891240913,
,standardScaler,,pca,Kneighbors,0.7852007088665477,0.8174806719004583,0.7799004852716882,0.8313114318604445,0.022982768045833848,0.022550424455658677,
,standardScaler,,lda,Kneighbors,0.7996302054803203,0.8275317533904103,0.7916806545016812,0.8431771894093686,0.02213109311044628,0.02504104891240913,
,minMax,f classif,,svc,0.8592266961567292,0.845738321895063,0.8665302718339084,0.8577374363515607,0.01159742029562601,0.007497264627571365,
,minMax,chi squared,,svc,0.8522999995425108,0.8429842816028337,0.8570720692550723,0.8557892406464468,0.011475190343312071,0.008252932881074294,kNearestNeighbours
,minMax,kruskal,,svc,0.8595723541675209,0.8456232012397609,0.8699960509101649,0.8569404471994687,0.013572054180157384,0.006725969607277867,kfold5 kNN=5
,minMax,pearson correlation,,svc,0.8355033849099522,0.8411334956829755,0.8397164982503488,0.8538410449413327,0.012228308161609972,0.008326087028683123,
,standardScaler,f classif,,svc,0.8241999001913193,0.8493247730794776,0.8238642704194321,0.8603497896834182,0.0013685797984133686,0.007038706194500841,kNearestNeighbours
,standardScaler,kruskal,,svc,0.816505493939627,0.8399380119548374,0.8280269203329165,0.8522470666371486,0.014306682699261865,0.007465662191476635,kfold5 kNN=5
,standardScaler,pearson correlation,,svc,0.7947997830612152,0.8442506088111579,0.7891784917263693,0.8552136373699358,0.00790387498772097,0.007391005171686047,
,minMax,,pca,svc,0.8295942442397178,0.8310825769315917,0.8359185384678833,0.8434801859641355,0.01312793895283978,0.008608967730881682,kNearestNeighbours
,minMax,,lda,svc,0.7661999213228124,0.8472437458490149,0.7858427264892257,0.8614567190613239,0.011808422303505027,0.009798489834084078,kfold5 kNN=5
,standardScaler,,pca,svc,0.8052013700465732,0.8372636705778171,0.8159874455640121,0.8493690502545937,0.012681979894450005,0.0085554043859586,kNearestNeighbours
,standardScaler,,lda,svc,0.7667925183402382,0.8472348904139915,0.7845939828144562,0.8614567190613239,0.010308924436880761,0.00980498623381376,kfold5 kNN=5
,standardScaler,f classif,,svc,0.8578153613484654,0.8459774148098915,0.855138676995693,0.8633666873284336,0.017888939128473478,0.01936903711700725,
,standardScaler,chi squared,,svc,0.8516878253014644,0.8432322338682401,0.8480695109664103,0.8600017710085894,0.01804179660648383,0.02020897662788965,kNearestNeighbours
,standardScaler,kruskal,,svc,0.8587303010496699,0.845339799961349,0.856178941929221,0.8637208890463118,0.02065126085470306,0.020505029349954882,kfold10 kNN=5
,standardScaler,pearson correlation,,svc,0.8338083384552222,0.8412840036550657,0.821675711696326,0.8565483042592756,0.014761759231676125,0.02011308212117093,
,standardScaler,f classif,,svc,0.8247012503972637,0.8494487375039362,0.8250627079756406,0.8654918976357036,0.017945091067904845,0.018663191500953278,
,standardScaler,kruskal,,svc,0.816943613618639,0.8404603991845832,0.8171560022993013,0.8616842291685115,0.02442754884394787,0.021775948111563394,
,standardScaler,pearson correlation,,svc,0.7935063289337414,0.8446490313295059,0.7798251056546932,0.8588506154254848,0.020417975899108827,0.019601877409568754,
,minMax,,pca,svc,0.8282476363690738,0.830940862585323,0.8091358208030123,0.8477818117417869,0.017004309614942696,0.021470531036388126,
,minMax,,lda,svc,0.7666426424604855,0.8472704502637207,0.7490253612165026,0.8629239351810857,0.022324771174546655,0.021381265961139474,
,standardScaler,,pca,svc,0.805465913769806,0.8378038321915724,0.7964694232481331,0.8532719383689011,0.01717419904092256,0.020585576426011845,
,standardScaler,,lda,svc,0.765481802150444,0.8472704486953461,0.7485531046386544,0.8629239351810857,0.022299954182419125,0.021322623264045586,
New South Wales,minMax,f_classif,,lda,0.8348523107433294,0.8290302567894698,0.870284831357879,0.8885322439451415,0.022131965569113187,0.030323621078115936,
Victoria,minMax,f_classif,,lda,0.8681884032940822,0.8434960492307064,0.9089544578515166,0.9192445457505698,0.020103184540916398,0.02997330894074259,
Queensland,minMax,f_classif,,lda,0.8594103324717499,0.8319863164733619,0.8916916766706683,0.8769363166953529,0.015554525893221849,0.022591275019307033,
Western Australia,minMax,f_classif,,lda,0.9086402118819212,0.8782260496457809,0.932566094960443,0.9034653465346535,0.02140667489625022,0.03073992855104012,
South Australia,minMax,f_classif,,lda,0.8985087430044653,0.8791410217287545,0.9140893470790377,0.947787610619469,0.010847612937876191,0.03924573774715868,
Tasmania,minMax,f_classif,,lda,0.8373340121319357,0.8160893102577769,0.8758868742609381,0.8506493506493507,0.027352315900890725,0.016819906057266718,
New South Wales,standard,,lda,lda,0.8473992567992497,0.8359178536708679,0.8830978375044897,0.8949518529325942,0.025223859676946226,0.031146132934916606,
Victoria,standard,,lda,lda,0.8697577067784742,0.8447657924773418,0.9123837355455001,0.918918918918919,0.02123800112477437,0.02937681677165818,
Queensland,standard,,lda,lda,0.8680001080915767,0.8434282517614988,0.8924519807923168,0.8864027538726333,0.012869926547964466,0.024436488875233354,kfold=10
Western Australia,standard,,lda,lda,0.9174529759823435,0.8837947825394783,0.941427345504132,0.905940594059406,0.02112917586508094,0.028284912855238948,
South Australia,standard,,lda,lda,0.901448334312286,0.8812642113252428,0.9148663168082972,0.9486725663716814,0.010886567501058273,0.038811168533520325,
Tasmania,standard,,lda,lda,0.844955778421182,0.8214912157676736,0.8863569176192353,0.8528138528138528,0.027847895948299277,0.015495921363935248,
New South Wales,standard,,lda,GaussianNB,0.8473992567992497,0.8352466786623378,0.8830978375044897,0.8946600525240735,0.025223859676946226,0.031247024135413397,
Victoria,standard,,lda,GaussianNB,0.8697562403799491,0.8443749766803702,0.912369071560248,0.918918918918919,0.021235058220720762,0.029838497905518777,
Queensland,standard,,lda,GaussianNB,0.867998899956253,0.8434289917315743,0.8924519807923168,0.8846815834767642,0.012870281333995882,0.025061882890260942,
Western Australia,standard,,lda,GaussianNB,0.9174329311938585,0.8844753608013862,0.941427345504132,0.9053217821782178,0.02112695730913549,0.028396389011169844,
South Australia,standard,,lda,GaussianNB,0.9014290799704104,0.8809988028450038,0.9148618769812729,0.9486725663716814,0.010913884335572532,0.038848209622260134,
Tasmania,standard,,lda,GaussianNB,0.844955778421182,0.8210587828298411,0.8863569176192353,0.8484848484848485,0.027847895948299277,0.014062415327733198,